Image,Real,Name,Class_1,Probability_1,Class_2,Probability_2,Class_3,Probability_3,Class_4,Probability_4,Class_5,Probability_5,Id,Match
1,,tench,goldfish,0.44070786237716675,tench,0.2195240706205368,coho,0.0433562807738781,loggerhead,0.037752166390419006,leatherback turtle,0.023841578513383865,0.0,True
2,,goldfish,goldfish,0.554614245891571,starfish,0.1309703141450882,loggerhead,0.0841071754693985,handkerchief,0.07426007837057114,leatherback turtle,0.02328410930931568,1.0,True
3,,great white shark,great white shark,0.9101486206054688,handkerchief,0.02495245262980461,stole,0.005997550208121538,killer whale,0.005873918067663908,coho,0.005707037169486284,2.0,True
4,,tiger shark,quilt,0.07221617549657822,leatherback turtle,0.05719654634594917,prayer rug,0.029424576088786125,stole,0.026762690395116806,stingray,0.025221608579158783,3.0,False
5,,hammerhead,handkerchief,0.5961881279945374,pillow,0.0913526639342308,starfish,0.05007675662636757,chain,0.031106043606996536,necklace,0.022688724100589752,4.0,False
6,,electric ray,electric ray,0.794359564781189,stingray,0.12909814715385437,mitten,0.018707700073719025,bib,0.01588621363043785,brassiere,0.009697258472442627,5.0,True
7,,stingray,electric ray,0.5209018588066101,stingray,0.10333108901977539,ant,0.02919083833694458,loggerhead,0.017537351697683334,leatherback turtle,0.01594671793282032,6.0,True
8,,cock,apron,0.12600558996200562,handkerchief,0.08014360070228577,cock,0.06389822065830231,mitten,0.05909329280257225,chain mail,0.05661514028906822,7.0,True
9,,hen,volcano,0.07540298253297806,handkerchief,0.06279406696557999,shower curtain,0.05737874656915665,stole,0.04127556085586548,apron,0.03284997493028641,8.0,False
10,,ostrich,American alligator,0.0775497779250145,African crocodile,0.06027054041624069,lakeside,0.059305980801582336,chain,0.04205790534615517,leatherback turtle,0.039610061794519424,9.0,False
11,,brambling,American alligator,0.10456936806440353,African crocodile,0.034170012921094894,fiddler crab,0.030904898419976234,stingray,0.030738219618797302,ptarmigan,0.028362564742565155,10.0,False
12,,goldfinch,handkerchief,0.2470761239528656,shower curtain,0.0630413368344307,jigsaw puzzle,0.04667716100811958,jersey,0.03888436034321785,apron,0.036750588566064835,11.0,False
13,,house finch,handkerchief,0.38469767570495605,leatherback turtle,0.06997331231832504,shower curtain,0.06233380362391472,pillow,0.033477533608675,apron,0.02930026687681675,12.0,False
14,,junco,spider web,0.1552330106496811,starfish,0.09512970596551895,shower curtain,0.05264190956950188,chainlink fence,0.04052123799920082,maze,0.018613744527101517,13.0,False
15,,indigo bunting,maze,0.049596019089221954,chainlink fence,0.046659890562295914,stone wall,0.04307101294398308,poncho,0.041347697377204895,stole,0.041148457676172256,14.0,False
16,,robin,fountain,0.3334304392337799,spider web,0.08009205758571625,brain coral,0.06967121362686157,coral reef,0.04220049828290939,handkerchief,0.03468531742691994,15.0,False
17,,bulbul,spider web,0.4704199731349945,stone wall,0.04290364310145378,great grey owl,0.03977030888199806,handkerchief,0.021473437547683716,redshank,0.01453651487827301,16.0,False
18,,jay,great white shark,0.11280106008052826,hummingbird,0.10549891740083694,handkerchief,0.0998067632317543,bustard,0.04914277791976929,water jug,0.03998773172497749,17.0,False
19,,magpie,handkerchief,0.1655433177947998,bustard,0.12955211102962494,leopard,0.05870139226317406,brass,0.052895378321409225,great grey owl,0.03608209639787674,18.0,False
20,,chickadee,leatherback turtle,0.3275164067745209,handkerchief,0.07964343577623367,shovel,0.04913681000471115,bustard,0.032227735966444016,loggerhead,0.02839776687324047,19.0,False
21,,water ouzel,handkerchief,0.3886139988899231,leatherback turtle,0.08969472348690033,stingray,0.04568377509713173,brass,0.04476786032319069,manhole cover,0.03939853608608246,20.0,False
22,,kite,handkerchief,0.12873302400112152,necklace,0.08563224971294403,spider web,0.06116097792983055,starfish,0.05878973379731178,ant,0.05173309147357941,21.0,False
23,,bald eagle,American alligator,0.10579795390367508,binder,0.08035794645547867,African crocodile,0.057816408574581146,envelope,0.051574643701314926,jigsaw puzzle,0.049089379608631134,22.0,False
24,,vulture,handkerchief,0.39680030941963196,prayer rug,0.19640961289405823,chainlink fence,0.05479351803660393,envelope,0.023382022976875305,jigsaw puzzle,0.021056296303868294,23.0,False
25,,great grey owl,megalith,0.20896759629249573,fountain,0.1849546730518341,great grey owl,0.05046645924448967,handkerchief,0.043304502964019775,shower curtain,0.03146462142467499,24.0,True
26,,European fire salamander,European fire salamander,0.13783423602581024,starfish,0.07934585958719254,sea slug,0.06625404208898544,African crocodile,0.06150875613093376,flatworm,0.0554925873875618,25.0,True
27,,common newt,starfish,0.8799330592155457,agama,0.042842797935009,apron,0.008448928594589233,rock crab,0.006315559148788452,handkerchief,0.004824725911021233,26.0,False
28,,eft,starfish,0.2708880603313446,honeycomb,0.0874076709151268,chain,0.06498121470212936,shower curtain,0.06112727150321007,ant,0.05950649827718735,27.0,False
29,,spotted salamander,European fire salamander,0.3651048541069031,African crocodile,0.2648027241230011,Gila monster,0.10413169860839844,American alligator,0.08882351219654083,common newt,0.07823964208364487,28.0,False
30,,axolotl,diamondback,0.11271318793296814,eel,0.0934772789478302,sea cucumber,0.04962091147899628,flatworm,0.041120391339063644,common newt,0.032490648329257965,29.0,False
31,,bullfrog,African crocodile,0.18821197748184204,American alligator,0.15083691477775574,starfish,0.10533738881349564,sea cucumber,0.0784742534160614,coral reef,0.0414351150393486,30.0,False
32,,tree frog,flatworm,0.1991254687309265,honeycomb,0.153279647231102,starfish,0.09805899113416672,shovel,0.048988573253154755,ant,0.032849423587322235,31.0,False
33,,tailed frog,leatherback turtle,0.33178189396858215,horned viper,0.07766915112733841,sea cucumber,0.058521393686532974,sidewinder,0.049778033047914505,stingray,0.041002560406923294,32.0,False
34,,loggerhead,great white shark,0.1967766284942627,stingray,0.13069789111614227,volcano,0.05922934040427208,grey whale,0.047750506550073624,leatherback turtle,0.04323691129684448,33.0,False
35,,leatherback turtle,leatherback turtle,0.5099020004272461,starfish,0.1928686946630478,loggerhead,0.053045209497213364,flatworm,0.019000090658664703,sea cucumber,0.018331253901124,34.0,True
36,,mud turtle,flatworm,0.2675395607948303,starfish,0.13819262385368347,sea cucumber,0.06713399291038513,stingray,0.04961961507797241,sea anemone,0.03632444515824318,35.0,False
37,,terrapin,honeycomb,0.7560495138168335,stole,0.07149948179721832,poncho,0.06775958836078644,wool,0.009942196309566498,chain mail,0.009273502975702286,36.0,False
38,,box turtle,handkerchief,0.08501769602298737,chainlink fence,0.0417611263692379,spider web,0.03558874502778053,stole,0.034116193652153015,manhole cover,0.03145517036318779,37.0,False
39,,banded gecko,leatherback turtle,0.5906252861022949,loggerhead,0.08807993680238724,banded gecko,0.07501628249883652,African crocodile,0.028997937217354774,electric ray,0.021983254700899124,38.0,True
40,,common iguana,megalith,0.2791011929512024,gown,0.03693530336022377,stole,0.03535545989871025,shovel,0.029598500579595566,African crocodile,0.027483254671096802,39.0,False
41,,American chameleon,common iguana,0.18314974009990692,agama,0.14125610888004303,African chameleon,0.08183374255895615,green lizard,0.06449650228023529,Komodo dragon,0.05699764937162399,40.0,False
42,,whiptail,shower curtain,0.2894037663936615,shovel,0.025572486221790314,ant,0.02065407671034336,volcano,0.018750878050923347,stole,0.0177858155220747,41.0,False
43,,agama,starfish,0.4917941093444824,agama,0.3474193811416626,banded gecko,0.08189599215984344,Gila monster,0.011958800256252289,leatherback turtle,0.01006056647747755,42.0,True
44,,frilled lizard,starfish,0.35423368215560913,leatherback turtle,0.07455261796712875,hammerhead,0.04822202026844025,electric ray,0.03341522440314293,loggerhead,0.02025778405368328,43.0,False
45,,alligator lizard,diamondback,0.1515175998210907,handkerchief,0.131666898727417,sidewinder,0.09507599472999573,starfish,0.07780060917139053,chainlink fence,0.07402019202709198,44.0,False
46,,Gila monster,handkerchief,0.19292128086090088,shower curtain,0.10338778048753738,stole,0.05432715266942978,leatherback turtle,0.053555626422166824,poncho,0.03451133519411087,45.0,False
47,,green lizard,Komodo dragon,0.14745822548866272,American chameleon,0.09248664975166321,green lizard,0.08356878161430359,American alligator,0.05351458117365837,tailed frog,0.04360729828476906,46.0,True
48,,African chameleon,handkerchief,0.10453364998102188,maze,0.1030876636505127,brain coral,0.06887594610452652,starfish,0.035655610263347626,stole,0.026700489223003387,47.0,False
49,,Komodo dragon,African crocodile,0.2578760087490082,leopard,0.14070667326450348,cheetah,0.12382612377405167,bustard,0.10767561197280884,Komodo dragon,0.09747777134180069,48.0,True
50,,African crocodile,volcano,0.18062441051006317,geyser,0.11005248874425888,leatherback turtle,0.06312361359596252,maze,0.05253773555159569,shovel,0.028868542984128,49.0,False
51,,American alligator,American alligator,0.12895262241363525,sea cucumber,0.10868389904499054,stingray,0.09868752211332321,mitten,0.097003273665905,African crocodile,0.09004546701908112,50.0,True
52,,triceratops,prayer rug,0.07464379072189331,spider web,0.038531843572854996,brass,0.03852127492427826,chainlink fence,0.03470364958047867,maze,0.03255140408873558,51.0,False
53,,thunder snake,starfish,0.5373247265815735,thunder snake,0.13588663935661316,flatworm,0.03614845499396324,centipede,0.02330229990184307,diamondback,0.02323738858103752,52.0,True
54,,ringneck snake,starfish,0.1666557639837265,flatworm,0.1228596493601799,leatherback turtle,0.11375725269317627,coral reef,0.0785791203379631,handkerchief,0.06163747236132622,53.0,False
55,,hognose snake,starfish,0.18072284758090973,sea cucumber,0.1478537768125534,Gila monster,0.05683722719550133,horned viper,0.04960817098617554,diamondback,0.04809372499585152,54.0,False
56,,green snake,green mamba,0.4757194221019745,green snake,0.4411773383617401,vine snake,0.02276621013879776,tennis ball,0.013774445280432701,green lizard,0.009732433594763279,55.0,True
57,,king snake,diamondback,0.11085415631532669,sea snake,0.10738155990839005,water snake,0.100694939494133,sidewinder,0.08218332380056381,starfish,0.06646180152893066,56.0,False
58,,garter snake,diamondback,0.30049553513526917,sidewinder,0.22120331227779388,horned viper,0.11768078804016113,hognose snake,0.09151844680309296,night snake,0.07948038727045059,57.0,False
59,,water snake,leatherback turtle,0.15556645393371582,ant,0.05801062658429146,sidewinder,0.028565051034092903,diamondback,0.0278372373431921,Gila monster,0.024615079164505005,58.0,False
60,,vine snake,fountain,0.3655240535736084,beer glass,0.15852093696594238,pitcher,0.08254524320363998,mixing bowl,0.04554413631558418,shower curtain,0.02626209706068039,59.0,False
61,,night snake,geyser,0.1079336628317833,starfish,0.08901216089725494,shower curtain,0.08808659017086029,volcano,0.07291267812252045,maze,0.058122679591178894,60.0,False
62,,boa constrictor,starfish,0.20608392357826233,stole,0.18516968190670013,handkerchief,0.06181913614273071,honeycomb,0.05024915561079979,chain mail,0.04938894510269165,61.0,False
63,,rock python,leatherback turtle,0.4190845787525177,starfish,0.04489023610949516,shovel,0.035205867141485214,loggerhead,0.022692743688821793,volcano,0.022257115691900253,62.0,False
64,,Indian cobra,honeycomb,0.22458159923553467,handkerchief,0.09530773758888245,stole,0.07024114578962326,chiton,0.05999232083559036,jellyfish,0.05816923454403877,63.0,False
65,,green mamba,spider web,0.42351236939430237,American alligator,0.032933060079813004,lakeside,0.028737042099237442,African crocodile,0.025112997740507126,coral reef,0.02097606100142002,64.0,False
66,,sea snake,banana,0.22801083326339722,flatworm,0.1631857454776764,slug,0.12296895682811737,sea cucumber,0.0432620644569397,nematode,0.033401891589164734,65.0,False
67,,horned viper,sea cucumber,0.25213560461997986,flatworm,0.0857982337474823,starfish,0.06374166160821915,bolete,0.054262083023786545,rock crab,0.05400382727384567,66.0,False
68,,diamondback,honeycomb,0.27578991651535034,starfish,0.10373109579086304,ant,0.05303707346320152,coil,0.04281191527843475,sea cucumber,0.028630077838897705,67.0,False
69,,sidewinder,diamondback,0.39447659254074097,sidewinder,0.11733516305685043,king snake,0.08051302284002304,horned viper,0.07539847493171692,hognose snake,0.06869883835315704,68.0,True
70,,trilobite,leatherback turtle,0.1890098750591278,chain mail,0.1316729635000229,starfish,0.1108224168419838,maze,0.0480077750980854,honeycomb,0.03254776820540428,69.0,False
71,,harvestman,starfish,0.07078422605991364,ladybug,0.06550455838441849,ant,0.030128113925457,goldfish,0.026958493515849113,bath towel,0.02149767428636551,70.0,False
72,,scorpion,prayer rug,0.2599193751811981,envelope,0.034463733434677124,bubble,0.030139070004224777,shower curtain,0.02979041263461113,starfish,0.02732997201383114,71.0,False
73,,black and gold garden spider,shower curtain,0.14710894227027893,paper towel,0.12527264654636383,ant,0.05751380696892738,bath towel,0.04920446127653122,handkerchief,0.04808752238750458,72.0,False
74,,barn spider,American alligator,0.25842657685279846,bustard,0.17375920712947845,African crocodile,0.07424721121788025,leatherback turtle,0.07307174801826477,diamondback,0.06026652827858925,73.0,False
75,,garden spider,cheetah,0.20007765293121338,leopard,0.16359557211399078,bustard,0.13341017067432404,spider web,0.09681718051433563,diamondback,0.02565106377005577,74.0,False
76,,black widow,handkerchief,0.5174463391304016,knot,0.0975593775510788,barn spider,0.08575095236301422,envelope,0.051972102373838425,necklace,0.017727918922901154,75.0,False
77,,tarantula,starfish,0.336530864238739,leatherback turtle,0.28314128518104553,handkerchief,0.04899202287197113,sea urchin,0.02791276015341282,brain coral,0.025131285190582275,76.0,False
78,,wolf spider,shower curtain,0.3898749053478241,shovel,0.045979492366313934,fountain,0.04370439052581787,cliff dwelling,0.036461055278778076,chainlink fence,0.01682817004621029,77.0,False
79,,tick,starfish,0.2597425878047943,spider web,0.08853045850992203,fountain,0.07859885692596436,shower curtain,0.0665326938033104,ant,0.05367869511246681,78.0,False
80,,centipede,centipede,0.4998784363269806,chain,0.12350907921791077,necklace,0.09212379157543182,handkerchief,0.045098211616277695,starfish,0.04399469122290611,79.0,True
81,,black grouse,stole,0.10267000645399094,leatherback turtle,0.08681030571460724,handkerchief,0.04619130864739418,poncho,0.042252443730831146,prayer rug,0.0419510081410408,80.0,False
82,,ptarmigan,shovel,0.05393750220537186,volcano,0.04863009974360466,maze,0.04378790035843849,handkerchief,0.03687439486384392,leatherback turtle,0.027787823230028152,81.0,False
83,,ruffed grouse,diamondback,0.0648188441991806,hognose snake,0.05107555910944939,leatherback turtle,0.04307312145829201,ant,0.03945494070649147,sidewinder,0.034975383430719376,82.0,False
84,,prairie chicken,volcano,0.125345841050148,black widow,0.09934119135141373,admiral,0.07870730757713318,ladybug,0.05227481946349144,hip,0.03160792216658592,83.0,False
85,,peacock,sea cucumber,0.2671620547771454,eel,0.17928631603717804,leopard,0.07471790909767151,flatworm,0.043766334652900696,starfish,0.04280528426170349,84.0,False
86,,quail,ant,0.16362318396568298,fiddler crab,0.09613930433988571,maze,0.08079240471124649,chainlink fence,0.031097831204533577,leatherback turtle,0.030516594648361206,85.0,False
87,,partridge,partridge,0.41500324010849,ptarmigan,0.29947859048843384,ruffed grouse,0.16037976741790771,prairie chicken,0.05090360715985298,quail,0.03609682247042656,86.0,True
88,,African grey,honeycomb,0.17952491343021393,stole,0.1348065286874771,bath towel,0.08218254148960114,brain coral,0.05438164621591568,starfish,0.053376518189907074,87.0,False
89,,macaw,handkerchief,0.34552985429763794,agama,0.13592927157878876,macaw,0.06880681961774826,stole,0.041713569313287735,starfish,0.02742190845310688,88.0,True
90,,sulphur-crested cockatoo,ptarmigan,0.8024542331695557,Bedlington terrier,0.07723064720630646,albatross,0.013654789887368679,goose,0.006448469124734402,toy poodle,0.005081397481262684,89.0,False
91,,lorikeet,mixing bowl,0.10583305358886719,bib,0.05240240320563316,pillow,0.039851222187280655,shower cap,0.03688787668943405,mortar,0.03546248376369476,90.0,False
92,,coucal,handkerchief,0.2585657238960266,spider web,0.11039240658283234,starfish,0.06666284799575806,envelope,0.05902642384171486,leopard,0.043664250522851944,91.0,False
93,,bee eater,weevil,0.08679260313510895,ant,0.08390582352876663,chain,0.047842010855674744,handkerchief,0.04158350080251694,apron,0.031519919633865356,92.0,False
94,,hornbill,volcano,0.3301164209842682,handkerchief,0.052744049578905106,shower curtain,0.050305020064115524,poncho,0.03843481093645096,starfish,0.03360540047287941,93.0,False
95,,hummingbird,starfish,0.2845832407474518,handkerchief,0.1669226884841919,apron,0.05849186331033707,great white shark,0.04547208547592163,leatherback turtle,0.032941125333309174,94.0,False
96,,jacamar,fountain,0.1604810506105423,shovel,0.14703048765659332,spider web,0.0739017203450203,starfish,0.05220319703221321,leatherback turtle,0.044717106968164444,95.0,False
97,,toucan,handkerchief,0.267646849155426,coral reef,0.0728144496679306,bubble,0.048322275280952454,chain mail,0.037836767733097076,brain coral,0.03418826311826706,96.0,False
98,,drake,American alligator,0.7511466145515442,African crocodile,0.10949895530939102,leatherback turtle,0.01590755023062229,dalmatian,0.01331979501992464,loggerhead,0.009295972064137459,97.0,False
99,,red-breasted merganser,leatherback turtle,0.7871199250221252,handkerchief,0.029791157692670822,bustard,0.015284844674170017,loggerhead,0.010767101310193539,stole,0.008320317603647709,98.0,False
100,,goose,volcano,0.4211290776729584,hammerhead,0.05161840841174126,goose,0.04150411859154701,leatherback turtle,0.03479449823498726,great white shark,0.029272334650158882,99.0,True
101,,black swan,starfish,0.8183196783065796,teddy,0.042651962488889694,brain coral,0.008685139939188957,chain mail,0.008553976193070412,mitten,0.007292017340660095,100.0,False
102,,tusker,fountain,0.513923704624176,Irish water spaniel,0.2951086163520813,geyser,0.0651497170329094,standard poodle,0.021376941353082657,maze,0.018300753086805344,101.0,False
103,,echidna,starfish,0.49593526124954224,brain coral,0.09331152588129044,sea anemone,0.08426874876022339,coral fungus,0.037710994482040405,honeycomb,0.027310185134410858,102.0,False
104,,platypus,starfish,0.10162889212369919,electric ray,0.0717039480805397,leatherback turtle,0.06943945586681366,brain coral,0.05100228264927864,maze,0.048465546220541,103.0,False
105,,wallaby,leatherback turtle,0.1256542205810547,stingray,0.1015075221657753,starfish,0.09524593502283096,electric ray,0.05747511610388756,loggerhead,0.049629926681518555,104.0,False
106,,koala,handkerchief,0.158945694565773,fountain,0.14695195853710175,megalith,0.04076680541038513,mitten,0.03943647816777229,bonnet,0.03761699050664902,105.0,False
107,,wombat,great white shark,0.27877742052078247,handkerchief,0.1151767373085022,jellyfish,0.042397305369377136,jigsaw puzzle,0.03876839578151703,leatherback turtle,0.031099513173103333,106.0,False
108,,jellyfish,prayer rug,0.4726688861846924,maze,0.10304999351501465,pillow,0.09079864621162415,honeycomb,0.05899422988295555,vestment,0.02966461330652237,107.0,False
109,,sea anemone,handkerchief,0.05246766656637192,bath towel,0.05241447687149048,broom,0.04976584017276764,swab,0.04832195118069649,carton,0.026467300951480865,108.0,False
110,,brain coral,brain coral,0.20748887956142426,starfish,0.14408674836158752,coral reef,0.12442609667778015,stingray,0.07059521228075027,flatworm,0.04369816184043884,109.0,True
111,,flatworm,flatworm,0.21201303601264954,jellyfish,0.2028902769088745,sea anemone,0.06946845352649689,starfish,0.06651446223258972,chiton,0.061136726289987564,110.0,True
112,,nematode,nematode,0.6698316335678101,handkerchief,0.1616315245628357,necklace,0.09237159043550491,chain,0.022906260564923286,bib,0.0136624900624156,111.0,True
113,,conch,bubble,0.07414519041776657,jellyfish,0.0739450678229332,fountain,0.06178164482116699,honeycomb,0.047283876687288284,starfish,0.036217644810676575,112.0,False
114,,snail,handkerchief,0.4718858003616333,coil,0.22416764497756958,jellyfish,0.062140561640262604,bubble,0.04566545784473419,pillow,0.024298185482621193,113.0,False
115,,slug,sea cucumber,0.19561909139156342,African crocodile,0.11960464715957642,stole,0.10996326059103012,American alligator,0.08786344528198242,leatherback turtle,0.0646435096859932,114.0,False
116,,sea slug,jellyfish,0.12111203372478485,coral reef,0.1200820654630661,sea anemone,0.08215731382369995,anemone fish,0.07915178686380386,starfish,0.04023127630352974,115.0,False
117,,chiton,chiton,0.3974306285381317,jellyfish,0.2632855176925659,leatherback turtle,0.04695848375558853,manhole cover,0.043057143688201904,electric ray,0.038275882601737976,116.0,True
118,,chambered nautilus,jellyfish,0.159868523478508,bagel,0.12405108660459518,chambered nautilus,0.10480344295501709,sea anemone,0.08341693878173828,Petri dish,0.0617535337805748,117.0,True
119,,Dungeness crab,leatherback turtle,0.3736957311630249,volcano,0.10155656933784485,loggerhead,0.06460600346326828,starfish,0.04983293637633324,African crocodile,0.027254773303866386,118.0,False
120,,rock crab,sea cucumber,0.17140650749206543,flatworm,0.14462383091449738,honeycomb,0.06820333749055862,starfish,0.06581253558397293,fountain,0.06377200037240982,119.0,False
121,,fiddler crab,starfish,0.2330775409936905,Gila monster,0.13561570644378662,fiddler crab,0.13540804386138916,sea cucumber,0.07634271681308746,banded gecko,0.0649905577301979,120.0,True
122,,king crab,starfish,0.1360035240650177,honeycomb,0.11446890234947205,sea anemone,0.1127934679389,coral reef,0.07304327189922333,brain coral,0.07164804637432098,121.0,False
123,,American lobster,handkerchief,0.14733228087425232,jigsaw puzzle,0.1259767711162567,tray,0.1020212471485138,pillow,0.05375513806939125,starfish,0.04133971035480499,122.0,False
124,,spiny lobster,chainlink fence,0.22015133500099182,spider web,0.09479017555713654,ant,0.08815152943134308,honeycomb,0.059982266277074814,bubble,0.03903304785490036,123.0,False
125,,crayfish,starfish,0.10503330081701279,coral reef,0.0882391408085823,stole,0.0714050680398941,poncho,0.04395301640033722,leatherback turtle,0.03778008744120598,124.0,False
126,,hermit crab,stole,0.3783600926399231,Christmas stocking,0.12660259008407593,handkerchief,0.08008970320224762,shower curtain,0.063056580722332,sock,0.04769853502511978,125.0,False
127,,isopod,chiton,0.08736637234687805,leatherback turtle,0.06292574852705002,cliff dwelling,0.0596156045794487,stone wall,0.04996289685368538,ant,0.04733388498425484,126.0,False
128,,white stork,white stork,0.5152609944343567,redshank,0.21497124433517456,black stork,0.13432736694812775,black swan,0.015274250879883766,bustard,0.015232328325510025,127.0,True
129,,black stork,American alligator,0.0734887644648552,maze,0.04871656745672226,African crocodile,0.0464392825961113,Kerry blue terrier,0.044866736978292465,leatherback turtle,0.03753180801868439,128.0,False
130,,spoonbill,spoonbill,0.221592977643013,handkerchief,0.21043945848941803,coho,0.06276916712522507,plastic bag,0.045415230095386505,paintbrush,0.020276913419365883,129.0,True
131,,flamingo,goldfish,0.9467450380325317,flamingo,0.03923830762505531,sea slug,0.002030132105574012,starfish,0.0016713256482034922,rock crab,0.0011733435094356537,130.0,True
132,,little blue heron,diamondback,0.2515846788883209,hognose snake,0.07230549305677414,eel,0.054864589124917984,stole,0.04691357910633087,African crocodile,0.042286332696676254,131.0,False
133,,American egret,American alligator,0.32126909494400024,water snake,0.16093701124191284,African crocodile,0.0913308784365654,leatherback turtle,0.046772584319114685,diamondback,0.031074507161974907,132.0,False
134,,bittern,bustard,0.21621492505073547,electric ray,0.04396165534853935,megalith,0.041424673050642014,brass,0.03192829713225365,handkerchief,0.02783963270485401,133.0,False
135,,crane,bustard,0.4732193052768707,quail,0.20153868198394775,pitcher,0.03492670878767967,ptarmigan,0.032106198370456696,vase,0.024200432002544403,134.0,False
136,,limpkin,spider web,0.08975660055875778,stone wall,0.08631350845098495,stole,0.05378326401114464,poncho,0.03223152831196785,shovel,0.027805976569652557,135.0,False
137,,European gallinule,handkerchief,0.14937137067317963,poncho,0.11208238452672958,apron,0.07796525955200195,cock,0.048667192459106445,stole,0.04701915755867958,136.0,False
138,,American coot,American alligator,0.1941583752632141,bustard,0.10776911675930023,fountain,0.08295312523841858,American coot,0.04369405284523964,African crocodile,0.030598200857639313,137.0,True
139,,bustard,brass,0.08373098820447922,leatherback turtle,0.0742478221654892,sea cucumber,0.06360821425914764,starfish,0.057767439633607864,ant,0.04868954420089722,138.0,False
140,,ruddy turnstone,leatherback turtle,0.17001444101333618,starfish,0.04617326334118843,volcano,0.04056202620267868,sandbar,0.032018471509218216,sea snake,0.03163263574242592,139.0,False
141,,red-backed sandpiper,leopard,0.10659388452768326,cheetah,0.0835813656449318,diamondback,0.07400461286306381,ptarmigan,0.05891048163175583,starfish,0.05468529462814331,140.0,False
142,,redshank,redshank,0.3432873487472534,stingray,0.17404872179031372,handkerchief,0.041361331939697266,starfish,0.03980313614010811,dowitcher,0.03877905756235123,141.0,True
143,,dowitcher,American alligator,0.2249038815498352,African crocodile,0.04156516119837761,leatherback turtle,0.04102533683180809,brass,0.026928292587399483,chainlink fence,0.01815936714410782,142.0,False
144,,oystercatcher,American alligator,0.17043204605579376,ruddy turnstone,0.16422772407531738,ptarmigan,0.09371604025363922,leatherback turtle,0.08240089565515518,English springer,0.05839419364929199,143.0,False
145,,pelican,handkerchief,0.18571534752845764,bustard,0.12102899700403214,dowitcher,0.08807604014873505,shovel,0.05055917799472809,great white shark,0.04428564012050629,144.0,False
146,,king penguin,European fire salamander,0.10955492407083511,shower curtain,0.07186747342348099,jersey,0.0704343244433403,dalmatian,0.04532979056239128,snowmobile,0.033755283802747726,145.0,False
147,,albatross,Bedlington terrier,0.5510280728340149,ice bear,0.06799416244029999,albatross,0.02714964561164379,standard poodle,0.02310386300086975,teddy,0.01619230955839157,146.0,True
148,,grey whale,fountain,0.3640601336956024,geyser,0.07999034225940704,volcano,0.07966127246618271,stole,0.06165333837270737,great white shark,0.028733599931001663,147.0,False
149,,killer whale,leatherback turtle,0.7608776688575745,fountain,0.076266810297966,loggerhead,0.04293134808540344,shovel,0.018169386312365532,killer whale,0.016319239512085915,148.0,True
150,,dugong,maze,0.14610084891319275,tub,0.07365957647562027,tray,0.046282365918159485,leatherback turtle,0.041375938802957535,bathtub,0.03869391605257988,149.0,False
151,,sea lion,bustard,0.22520124912261963,ptarmigan,0.1436070054769516,dowitcher,0.13327142596244812,leatherback turtle,0.08738919347524643,sea lion,0.05586085096001625,150.0,True
152,,Chihuahua,handkerchief,0.5012267231941223,Christmas stocking,0.06021932139992714,pillow,0.05950656160712242,quilt,0.03762137517333031,stole,0.03019649162888527,151.0,False
153,,Japanese spaniel,fountain,0.2072053700685501,brain coral,0.07736919820308685,Great Pyrenees,0.04739982262253761,toy poodle,0.046594228595495224,starfish,0.045763205736875534,152.0,False
154,,Maltese dog,handkerchief,0.12641765177249908,tub,0.08312670141458511,bathtub,0.07551848888397217,gown,0.06169241666793823,teddy,0.04842819273471832,153.0,False
155,,Pekinese,starfish,0.1640201210975647,fountain,0.09496744722127914,coral reef,0.05114997923374176,chain mail,0.050455447286367416,brain coral,0.04266555234789848,154.0,False
156,,Shih-Tzu,bonnet,0.11557448655366898,cocker spaniel,0.10346079617738724,toy poodle,0.05713489279150963,stole,0.048115409910678864,Shih-Tzu,0.03739146143198013,155.0,True
157,,Blenheim spaniel,wire-haired fox terrier,0.23150822520256042,Ibizan hound,0.12976443767547607,jigsaw puzzle,0.11165536195039749,Lakeland terrier,0.06461215764284134,clumber,0.06247948110103607,156.0,False
158,,papillon,hog,0.05860980227589607,fountain,0.03888189420104027,spider web,0.029757486656308174,starfish,0.028382718563079834,Ibizan hound,0.022899499163031578,157.0,False
159,,toy terrier,coral reef,0.28309953212738037,starfish,0.23452122509479523,brain coral,0.2113499939441681,sea anemone,0.04349096864461899,anemone fish,0.015471472404897213,158.0,False
160,,Rhodesian ridgeback,shower curtain,0.3843792676925659,honeycomb,0.11119164526462555,stole,0.07629044353961945,chain mail,0.057786114513874054,chainlink fence,0.0348990261554718,159.0,False
161,,Afghan hound,fountain,0.14353878796100616,great white shark,0.0931793823838234,starfish,0.09284475445747375,geyser,0.08974204212427139,Bedlington terrier,0.06109457463026047,160.0,False
162,,basset,jigsaw puzzle,0.42814871668815613,prayer rug,0.04405897483229637,pillow,0.04234110936522484,bubble,0.03284267336130142,coral reef,0.03147556632757187,161.0,False
163,,beagle,honeycomb,0.13570845127105713,bonnet,0.12792839109897614,teddy,0.12766854465007782,beagle,0.0461287684738636,shower cap,0.03785600885748863,162.0,True
164,,bloodhound,leatherback turtle,0.17343272268772125,shower curtain,0.11341993510723114,handkerchief,0.061279308050870895,shovel,0.02963162213563919,starfish,0.029279740527272224,163.0,False
165,,bluetick,handkerchief,0.1037217453122139,poncho,0.07790719717741013,stole,0.07723482698202133,snow leopard,0.044042594730854034,leopard,0.032272037118673325,164.0,False
166,,black-and-tan coonhound,chain mail,0.4153892397880554,brain coral,0.06423984467983246,starfish,0.042880140244960785,coral reef,0.03905286267399788,leatherback turtle,0.03776874393224716,165.0,False
167,,Walker hound,envelope,0.11288187652826309,handkerchief,0.09937632828950882,honeycomb,0.07573393732309341,gown,0.049492157995700836,pillow,0.03481723368167877,166.0,False
168,,English foxhound,chain mail,0.2630149722099304,starfish,0.05913735553622246,handkerchief,0.04865102097392082,boxer,0.03381675109267235,sea anemone,0.02769492380321026,167.0,False
169,,redbone,shower curtain,0.4323923885822296,handkerchief,0.13172629475593567,stole,0.11645321547985077,poncho,0.04137799143791199,quilt,0.038920771330595016,168.0,False
170,,borzoi,Bedlington terrier,0.16621866822242737,standard poodle,0.11764112859964371,borzoi,0.08822896331548691,handkerchief,0.04197052866220474,kuvasz,0.0372576043009758,169.0,True
171,,Irish wolfhound,starfish,0.5549211502075195,mitten,0.04929758608341217,handkerchief,0.03259512037038803,tub,0.025934532284736633,sea cucumber,0.022959420457482338,170.0,False
172,,Italian greyhound,shower curtain,0.11443024128675461,handkerchief,0.11050575226545334,wool,0.08720583468675613,vestment,0.0642155110836029,velvet,0.06365146487951279,171.0,False
173,,whippet,fountain,0.3273359537124634,geyser,0.07094484567642212,fireboat,0.04933204501867294,shower curtain,0.029993334785103798,American alligator,0.023996885865926743,172.0,False
174,,Ibizan hound,Bedlington terrier,0.8329620957374573,Ibizan hound,0.0849197581410408,wire-haired fox terrier,0.029971495270729065,standard poodle,0.009372606873512268,whippet,0.006046061869710684,173.0,True
175,,Norwegian elkhound,wire-haired fox terrier,0.2216029167175293,starfish,0.1153692826628685,Bedlington terrier,0.09707722812891006,llama,0.0684753879904747,white wolf,0.06018700823187828,174.0,False
176,,otterhound,fountain,0.19342145323753357,leatherback turtle,0.13732270896434784,gown,0.08318115770816803,shovel,0.04721183702349663,great white shark,0.03968983143568039,175.0,False
177,,Saluki,gown,0.11018290370702744,handkerchief,0.07642452418804169,jellyfish,0.07218415290117264,stole,0.04040348157286644,brain coral,0.039575882256031036,176.0,False
178,,Scottish deerhound,leatherback turtle,0.20506606996059418,poncho,0.12758366763591766,shower curtain,0.07285238802433014,ant,0.04236127808690071,stingray,0.0380668081343174,177.0,False
179,,Weimaraner,starfish,0.16963639855384827,chain,0.12291526049375534,chain mail,0.11866744607686996,jellyfish,0.03631630912423134,hammerhead,0.03093835525214672,178.0,False
180,,Staffordshire bullterrier,Irish water spaniel,0.5427730083465576,standard poodle,0.13547085225582123,curly-coated retriever,0.12978118658065796,Kerry blue terrier,0.07821691036224365,Bedlington terrier,0.024046309292316437,179.0,False
181,,American Staffordshire terrier,Bedlington terrier,0.08373475819826126,ice bear,0.07165304571390152,kuvasz,0.07008294761180878,white wolf,0.06994590163230896,dalmatian,0.042963139712810516,180.0,False
182,,Bedlington terrier,Bedlington terrier,0.9833374619483948,standard poodle,0.006883281748741865,miniature poodle,0.0012241245713084936,handkerchief,0.0012067125644534826,wire-haired fox terrier,0.0011364127276465297,181.0,True
183,,Border terrier,maze,0.28939056396484375,brain coral,0.08712214231491089,leatherback turtle,0.07799016684293747,starfish,0.054763179272413254,handkerchief,0.026028268039226532,182.0,False
184,,Kerry blue terrier,jigsaw puzzle,0.5479508638381958,comic book,0.11262694001197815,handkerchief,0.09604531526565552,apron,0.037110183387994766,book jacket,0.03166881948709488,183.0,False
185,,Irish terrier,fountain,0.30212879180908203,shower curtain,0.13059695065021515,shovel,0.12987485527992249,starfish,0.026637014001607895,geyser,0.024243678897619247,184.0,False
186,,Norfolk terrier,ant,0.20685532689094543,jigsaw puzzle,0.07493685930967331,starfish,0.05057201534509659,bubble,0.027130097150802612,Petri dish,0.02171751670539379,185.0,False
187,,Norwich terrier,handkerchief,0.3077741861343384,stole,0.1750638335943222,poncho,0.06158096343278885,mitten,0.05575484037399292,Christmas stocking,0.04255223646759987,186.0,False
188,,Yorkshire terrier,handkerchief,0.4333523213863373,doormat,0.057541623711586,bib,0.055578574538230896,tray,0.03113516978919506,apron,0.028661556541919708,187.0,False
189,,wire-haired fox terrier,wire-haired fox terrier,0.651075541973114,Bedlington terrier,0.3102218806743622,Lakeland terrier,0.03381749615073204,Kerry blue terrier,0.0009682792006060481,apron,0.0008435435593128204,188.0,True
190,,Lakeland terrier,shower curtain,0.4990079998970032,starfish,0.07176966220140457,stole,0.06117764860391617,fountain,0.027772177010774612,honeycomb,0.02354423888027668,189.0,False
191,,Sealyham terrier,jellyfish,0.0752243921160698,chain mail,0.05753999203443527,Bedlington terrier,0.04697558283805847,flatworm,0.03869408741593361,brain coral,0.03641430661082268,190.0,False
192,,Airedale,fountain,0.29634222388267517,shower curtain,0.15192194283008575,spider web,0.11114317178726196,brass,0.057837072759866714,chain,0.04638061672449112,191.0,False
193,,cairn,starfish,0.130636066198349,apron,0.1177210658788681,Lakeland terrier,0.05022437497973442,shower curtain,0.04791974648833275,handkerchief,0.04623332992196083,192.0,False
194,,Australian terrier,geyser,0.09526467323303223,stole,0.050548821687698364,shovel,0.038454268127679825,volcano,0.03761681914329529,handkerchief,0.03262360766530037,193.0,False
195,,Dandie Dinmont,shower curtain,0.2777397930622101,electric ray,0.029655637219548225,ant,0.02899048663675785,stingray,0.027800915762782097,leatherback turtle,0.027673346921801567,194.0,False
196,,Boston bull,Bedlington terrier,0.7207164764404297,wire-haired fox terrier,0.10129760950803757,Mexican hairless,0.02315352112054825,Lakeland terrier,0.02181210368871689,German short-haired pointer,0.014117054641246796,195.0,False
197,,miniature schnauzer,dalmatian,0.5027574896812439,starfish,0.23751482367515564,Gila monster,0.05989048629999161,leopard,0.02881713956594467,cheetah,0.01904304511845112,196.0,False
198,,giant schnauzer,Irish water spaniel,0.49927541613578796,curly-coated retriever,0.26957017183303833,Kerry blue terrier,0.14503315091133118,leopard,0.02215072326362133,starfish,0.017471851781010628,197.0,False
199,,standard schnauzer,bustard,0.1665744036436081,stingray,0.15020912885665894,handkerchief,0.059154897928237915,electric ray,0.05900893732905388,shovel,0.043959081172943115,198.0,False
200,,Scotch terrier,coral reef,0.18937048316001892,brain coral,0.11248714476823807,stingray,0.060994699597358704,sea anemone,0.05942199379205704,handkerchief,0.04759981483221054,199.0,False
